[
    {
        "prov_it": "AG",
        "prov_nome": "AGRIGENTO",
        "prov_reg": "SICILIA",
        "prov_url":"assets/img/regioni/sicilia.png"
    },
    {
        "prov_it": "AL",
        "prov_nome": "ALESSANDRIA",
        "prov_reg": "PIEMONTE",
        "prov_url":"assets/img/regioni/piemonte.png"
    },
    {
        "prov_it": "AN",
        "prov_nome": "ANCONA",
        "prov_reg": "MARCHE",
        "prov_url":"assets/img/regioni/marche.png"
    },
    {
        "prov_it": "AO",
        "prov_nome": "AOSTA",
        "prov_reg": "VALLE D'AOSTA",
        "prov_url":"assets/img/regioni/valle d'aosta.png"
    },
    {
        "prov_it": "AR",
        "prov_nome": "AREZZO",
        "prov_reg": "TOSCANA",
        "prov_url":"assets/img/regioni/toscana.png"
    },
    {
        "prov_it": "AP",
        "prov_nome": "ASCOLI PICENO",
        "prov_reg": "MARCHE",
        "prov_url":"assets/img/regioni/marche.png"
    },
    {
        "prov_it": "AT",
        "prov_nome": "ASTI",
        "prov_reg": "PIEMONTE",
        "prov_url":"assets/img/regioni/piemonte.png"
    },
    {
        "prov_it": "AV",
        "prov_nome": "AVELLINO",
        "prov_reg": "CAMPANIA",
        "prov_url":"assets/img/regioni/campania.png"
    },
    {
        "prov_it": "BA",
        "prov_nome": "BARI",
        "prov_reg": "PUGLIA",
        "prov_url":"assets/img/regioni/puglia.png"
    },
    {
        "prov_it": "BL",
        "prov_nome": "BELLUNO",
        "prov_reg": "VENETO",
        "prov_url":"assets/img/regioni/veneto.png"
    },
    {
        "prov_it": "BN",
        "prov_nome": "BENEVENTO",
        "prov_reg": "CAMPANIA",
        "prov_url":"assets/img/regioni/campania.png"
    },
    {
        "prov_it": "BG",
        "prov_nome": "BERGAMO",
        "prov_reg": "LOMBARDIA",
        "prov_url":"assets/img/regioni/lombardia.png"
    },
    {
        "prov_it": "BI",
        "prov_nome": "BIELLA",
        "prov_reg": "PIEMONTE",
        "prov_url":"assets/img/regioni/piemonte.png"
    },
    {
        "prov_it": "BO",
        "prov_nome": "BOLOGNA",
        "prov_reg": "EMILIA ROMAGNA",
        "prov_url":"assets/img/regioni/emilia romagna.png"
    },
    {
        "prov_it": "BT",
        "prov_nome": "BARLETTA ANDRIA TRANI",
        "prov_reg": "PUGLIA",
        "prov_url":"assets/img/regioni/puglia.png"
    },
    {
        "prov_it": "BZ",
        "prov_nome": "BOLZANO",
        "prov_reg": "TRENTINO",
        "prov_url":"assets/img/regioni/trentino.png"
    },
    {
        "prov_it": "BS",
        "prov_nome": "BRESCIA",
        "prov_reg": "LOMBARDIA",
        "prov_url":"assets/img/regioni/lombardia.png"
    },
    {
        "prov_it": "BR",
        "prov_nome": "BRINDISI",
        "prov_reg": "PUGLIA",
        "prov_url":"assets/img/regioni/puglia.png"
    },
    {
        "prov_it": "CA",
        "prov_nome": "CAGLIARI",
        "prov_reg": "SARDEGNA",
        "prov_url":"assets/img/regioni/sardegna.png"
    },
    {
        "prov_it": "CL",
        "prov_nome": "CALTANISSETTA",
        "prov_reg": "SICILIA",
        "prov_url":"assets/img/regioni/sicilia.png"
    },
    {
        "prov_it": "CB",
        "prov_nome": "CAMPOBASSO",
        "prov_reg": "MOLISE",
        "prov_url":"assets/img/regioni/molise.png"
    },
    {
        "prov_it": "CE",
        "prov_nome": "CASERTA",
        "prov_reg": "CAMPANIA",
        "prov_url":"assets/img/regioni/campania.png"
    },
    {
        "prov_it": "CT",
        "prov_nome": "CATANIA",
        "prov_reg": "SICILIA",
        "prov_url":"assets/img/regioni/sicilia.png"
    },
    {
        "prov_it": "CZ",
        "prov_nome": "CATANZARO",
        "prov_reg": "CALABRIA",
        "prov_url":"assets/img/regioni/calabria.png"
    },
    {
        "prov_it": "CH",
        "prov_nome": "CHIETI",
        "prov_reg": "ABRUZZO",
        "prov_url":"assets/img/regioni/abruzzo.png"
    },
    {
        "prov_it": "CO",
        "prov_nome": "COMO",
        "prov_reg": "LOMBARDIA",
        "prov_url":"assets/img/regioni/lombardia.png"
    },
    {
        "prov_it": "CS",
        "prov_nome": "COSENZA",
        "prov_reg": "CALABRIA",
        "prov_url":"assets/img/regioni/calabria.png"
    },
    {
        "prov_it": "CR",
        "prov_nome": "CREMONA",
        "prov_reg": "LOMBARDIA",
        "prov_url":"assets/img/regioni/lombardia.png"
    },
    {
        "prov_it": "KR",
        "prov_nome": "CROTONE",
        "prov_reg": "CALABRIA",
        "prov_url":"assets/img/regioni/calabria.png"
    },
    {
        "prov_it": "CN",
        "prov_nome": "CUNEO",
        "prov_reg": "PIEMONTE",
        "prov_url":"assets/img/regioni/piemonte.png"
    },
    {
        "prov_it": "EN",
        "prov_nome": "ENNA",
        "prov_reg": "SICILIA",
        "prov_url":"assets/img/regioni/sicilia.png"
    },
    {
        "prov_it": "FM",
        "prov_nome": "FERMO",
        "prov_reg": "MARCHE",
        "prov_url":"assets/img/regioni/marche.png"
    },
    {
        "prov_it": "FE",
        "prov_nome": "FERRARA",
        "prov_reg": "EMILIA ROMAGNA",
        "prov_url":"assets/img/regioni/emilia romagna.png"
    },
    {
        "prov_it": "FI",
        "prov_nome": "FIRENZE",
        "prov_reg": "TOSCANA",
        "prov_url":"assets/img/regioni/toscana.png"
    },
    {
        "prov_it": "FG",
        "prov_nome": "FOGGIA",
        "prov_reg": "PUGLIA",
        "prov_url":"assets/img/regioni/puglia.png"
    },
    {
        "prov_it": "FC",
        "prov_nome": "FORLI'-CESENA",
        "prov_reg": "EMILIA ROMAGNA",
        "prov_url":"assets/img/regioni/emilia romagna.png"
    },
    {
        "prov_it": "FR",
        "prov_nome": "FROSINONE",
        "prov_reg": "LAZIO",
        "prov_url":"assets/img/regioni/lazio.png"
    },
    {
        "prov_it": "GE",
        "prov_nome": "GENOVA",
        "prov_reg": "LIGURIA",
        "prov_url":"assets/img/regioni/liguria.png"
    },
    {
        "prov_it": "GO",
        "prov_nome": "GORIZIA",
        "prov_reg": "FRIULI",
        "prov_url":"assets/img/regioni/friuli.png"
    },
    {
        "prov_it": "GR",
        "prov_nome": "GROSSETO",
        "prov_reg": "TOSCANA",
        "prov_url":"assets/img/regioni/toscana.png"
    },
    {
        "prov_it": "IM",
        "prov_nome": "IMPERIA",
        "prov_reg": "LIGURIA",
        "prov_url":"assets/img/regioni/liguria.png"
    },
    {
        "prov_it": "IS",
        "prov_nome": "ISERNIA",
        "prov_reg": "MOLISE",
        "prov_url":"assets/img/regioni/molise.png"
    },
    {
        "prov_it": "AQ",
        "prov_nome": "L'AQUILA",
        "prov_reg": "ABRUZZO",
        "prov_url":"assets/img/regioni/abruzzo.png"
    },
    {
        "prov_it": "SP",
        "prov_nome": "LA SPEZIA",
        "prov_reg": "LIGURIA",
        "prov_url":"assets/img/regioni/liguria.png"
    },
    {
        "prov_it": "LT",
        "prov_nome": "LATINA",
        "prov_reg": "LAZIO",
        "prov_url":"assets/img/regioni/lazio.png"
    },
    {
        "prov_it": "LE",
        "prov_nome": "LECCE",
        "prov_reg": "PUGLIA",
        "prov_url":"assets/img/regioni/puglia.png"
    },
    {
        "prov_it": "LC",
        "prov_nome": "LECCO",
        "prov_reg": "LOMBARDIA",
        "prov_url":"assets/img/regioni/lombardia.png"
    },
    {
        "prov_it": "LI",
        "prov_nome": "LIVORNO",
        "prov_reg": "TOSCANA",
        "prov_url":"assets/img/regioni/toscana.png"
    },
    {
        "prov_it": "LO",
        "prov_nome": "LODI",
        "prov_reg": "LOMBARDIA",
        "prov_url":"assets/img/regioni/lombardia.png"
    },
    {
        "prov_it": "LU",
        "prov_nome": "LUCCA",
        "prov_reg": "TOSCANA",
        "prov_url":"assets/img/regioni/toscana.png"
    },
    {
        "prov_it": "MB",
        "prov_nome": "MONZA BRIANZA",
        "prov_reg": "LOMBARDIA",
        "prov_url":"assets/img/regioni/lombardia.png"
    },
    {
        "prov_it": "MC",
        "prov_nome": "MACERATA",
        "prov_reg": "MARCHE",
        "prov_url":"assets/img/regioni/marche.png"
    },
    {
        "prov_it": "MN",
        "prov_nome": "MANTOVA",
        "prov_reg": "LOMBARDIA",
        "prov_url":"assets/img/regioni/lombardia.png"
    },
    {
        "prov_it": "MS",
        "prov_nome": "MASSA-CARRARA",
        "prov_reg": "TOSCANA",
        "prov_url":"assets/img/regioni/toscana.png"
    },
    {
        "prov_it": "MT",
        "prov_nome": "MATERA",
        "prov_reg": "BASILICATA",
        "prov_url":"assets/img/regioni/basilicata.png"
    },
    {
        "prov_it": "ME",
        "prov_nome": "MESSINA",
        "prov_reg": "SICILIA",
        "prov_url":"assets/img/regioni/sicilia.png"
    },
    {
        "prov_it": "MI",
        "prov_nome": "MILANO",
        "prov_reg": "LOMBARDIA",
        "prov_url":"assets/img/regioni/lombardia.png"
    },
    {
        "prov_it": "MO",
        "prov_nome": "MODENA",
        "prov_reg": "EMILIA ROMAGNA",
        "prov_url":"assets/img/regioni/emilia romagna.png"
    },
    {
        "prov_it": "NA",
        "prov_nome": "NAPOLI",
        "prov_reg": "CAMPANIA",
        "prov_url":"assets/img/regioni/campania.png"
    },
    {
        "prov_it": "NO",
        "prov_nome": "NOVARA",
        "prov_reg": "PIEMONTE",
        "prov_url":"assets/img/regioni/piemonte.png"
    },
    {
        "prov_it": "NU",
        "prov_nome": "NUORO",
        "prov_reg": "SARDEGNA",
        "prov_url":"assets/img/regioni/sardegna.png"
    },
    {
        "prov_it": "OR",
        "prov_nome": "ORISTANO",
        "prov_reg": "SARDEGNA",
        "prov_url":"assets/img/regioni/sardegna.png"
    },
    {
        "prov_it": "PD",
        "prov_nome": "PADOVA",
        "prov_reg": "LOMBARDIA",
        "prov_url":"assets/img/regioni/lombardia.png"
    },
    {
        "prov_it": "PA",
        "prov_nome": "PALERMO",
        "prov_reg": "SICILIA",
        "prov_url":"assets/img/regioni/sicilia.png"
    },
    {
        "prov_it": "PR",
        "prov_nome": "PARMA",
        "prov_reg": "EMILIA ROMAGNA",
        "prov_url":"assets/img/regioni/emilia romagna.png"
    },
    {
        "prov_it": "PV",
        "prov_nome": "PAVIA",
        "prov_reg": "LOMBARDIA",
        "prov_url":"assets/img/regioni/lombardia.png"
    },
    {
        "prov_it": "PG",
        "prov_nome": "PERUGIA",
        "prov_reg": "UMBRIA",
        "prov_url":"assets/img/regioni/umbria.png"
    },
    {
        "prov_it": "PU",
        "prov_nome": "PESARO E URBINO",
        "prov_reg": "MARCHE",
        "prov_url":"assets/img/regioni/marche.png"
    },
    {
        "prov_it": "PE",
        "prov_nome": "PESCARA",
        "prov_reg": "ABRUZZO",
        "prov_url":"assets/img/regioni/abruzzo.png"
    },
    {
        "prov_it": "PC",
        "prov_nome": "PIACENZA",
        "prov_reg": "EMILIA ROMAGNA",
        "prov_url":"assets/img/regioni/emilia romagna.png"
    },
    {
        "prov_it": "PI",
        "prov_nome": "PISA",
        "prov_reg": "TOSCANA",
        "prov_url":"assets/img/regioni/toscana.png"
    },
    {
        "prov_it": "PT",
        "prov_nome": "PISTOIA",
        "prov_reg": "TOSCANA",
        "prov_url":"assets/img/regioni/toscana.png"
    },
    {
        "prov_it": "PN",
        "prov_nome": "PORDENONE",
        "prov_reg": "FRIULI",
        "prov_url":"assets/img/regioni/friuli.png"
    },
    {
        "prov_it": "PZ",
        "prov_nome": "POTENZA",
        "prov_reg": "BASILICATA",
        "prov_url":"assets/img/regioni/basilicata.png"
    },
    {
        "prov_it": "PO",
        "prov_nome": "PRATO",
        "prov_reg": "TOSCANA",
        "prov_url":"assets/img/regioni/toscana.png"
    },
    {
        "prov_it": "RG",
        "prov_nome": "RAGUSA",
        "prov_reg": "SICILIA",
        "prov_url":"assets/img/regioni/sicilia.png"
    },
    {
        "prov_it": "RA",
        "prov_nome": "RAVENNA",
        "prov_reg": "EMILIA ROMAGNA",
        "prov_url":"assets/img/regioni/emilia romagna.png"
    },
    {
        "prov_it": "RC",
        "prov_nome": "REGGIO CALABRIA",
        "prov_reg": "CALABRIA",
        "prov_url":"assets/img/regioni/calabria.png"
    },
    {
        "prov_it": "RE",
        "prov_nome": "REGGIO EMILIA",
        "prov_reg": "EMILIA ROMAGNA",
        "prov_url":"assets/img/regioni/emilia romagna.png"
    },
    {
        "prov_it": "RI",
        "prov_nome": "RIETI",
        "prov_reg": "LAZIO",
        "prov_url":"assets/img/regioni/lazio.png"
    },
    {
        "prov_it": "RN",
        "prov_nome": "RIMINI",
        "prov_reg": "EMILIA ROMAGNA",
        "prov_url":"assets/img/regioni/emilia romagna.png"
    },
    {
        "prov_it": "RM",
        "prov_nome": "ROMA",
        "prov_reg": "LAZIO",
        "prov_url":"assets/img/regioni/lazio.png"
    },
    {
        "prov_it": "RO",
        "prov_nome": "ROVIGO",
        "prov_reg": "VENETO",
        "prov_url":"assets/img/regioni/veneto.png"
    },
    {
        "prov_it": "SA",
        "prov_nome": "SALERNO",
        "prov_reg": "CAMPANIA",
        "prov_url":"assets/img/regioni/campania.png"
    },
    {
        "prov_it": "SS",
        "prov_nome": "SASSARI",
        "prov_reg": "SARDEGNA"
    },
    {
        "prov_it": "SV",
        "prov_nome": "SAVONA",
        "prov_reg": "LIGURIA",
        "prov_url":"assets/img/regioni/liguria.png"
    },
    {
        "prov_it": "SI",
        "prov_nome": "SIENA",
        "prov_reg": "TOSCANA",
        "prov_url":"assets/img/regioni/toscana.png"
    },
    {
        "prov_it": "SR",
        "prov_nome": "SIRACUSA",
        "prov_reg": "SICILIA",
        "prov_url":"assets/img/regioni/sicilia.png"
    },
    {
        "prov_it": "SO",
        "prov_nome": "SONDRIO",
        "prov_reg": "LOMBARDIA",
        "prov_url":"assets/img/regioni/lombardia.png"
    },
    {
        "prov_it": "TA",
        "prov_nome": "TARANTO",
        "prov_reg": "PUGLIA",
        "prov_url":"assets/img/regioni/puglia.png"
    },
    {
        "prov_it": "TE",
        "prov_nome": "TERAMO",
        "prov_reg": "ABRUZZO",
        "prov_url":"assets/img/regioni/abruzzo.png"
    },
    {
        "prov_it": "TR",
        "prov_nome": "TERNI",
        "prov_reg": "UMBRIA",
        "prov_url":"assets/img/regioni/umbria.png"
    },
    {
        "prov_it": "TO",
        "prov_nome": "TORINO",
        "prov_reg": "PIEMONTE",
        "prov_url":"assets/img/regioni/piemonte.png"
    },
    {
        "prov_it": "TP",
        "prov_nome": "TRAPANI",
        "prov_reg": "SICILIA",
        "prov_url":"assets/img/regioni/sicilia.png"
    },
    {
        "prov_it": "TN",
        "prov_nome": "TRENTO",
        "prov_reg": "TRENTINO",
        "prov_url":"assets/img/regioni/trentino.png"
    },
    {
        "prov_it": "TV",
        "prov_nome": "TREVISO",
        "prov_reg": "VENETO",
        "prov_url":"assets/img/regioni/veneto.png"
    },
    {
        "prov_it": "TS",
        "prov_nome": "TRIESTE",
        "prov_reg": "FRIULI",
        "prov_url":"assets/img/regioni/friuli.png"
    },
    {
        "prov_it": "UD",
        "prov_nome": "UDINE",
        "prov_reg": "FRIULI",
        "prov_url":"assets/img/regioni/friuli.png"
    },
    {
        "prov_it": "VA",
        "prov_nome": "VARESE",
        "prov_reg": "LOMBARDIA",
        "prov_url":"assets/img/regioni/lombardia.png"
    },
    {
        "prov_it": "VE",
        "prov_nome": "VENEZIA",
        "prov_reg": "VENETO",
        "prov_url":"assets/img/regioni/veneto.png"
    },
    {
        "prov_it": "VB",
        "prov_nome": "VERBANIA",
        "prov_reg": "PIEMONTE",
        "prov_url":"assets/img/regioni/piemonte.png"
    },
    {
        "prov_it": "VC",
        "prov_nome": "VERCELLI",
        "prov_reg": "PIEMONTE",
        "prov_url":"assets/img/regioni/piemonte.png"
    },
    {
        "prov_it": "VR",
        "prov_nome": "VERONA",
        "prov_reg": "VENETO",
        "prov_url":"assets/img/regioni/veneto.png"
    },
    {
        "prov_it": "VV",
        "prov_nome": "VIBO VALENTIA",
        "prov_reg": "CALABRIA",
        "prov_url":"assets/img/regioni/calabria.png"
    },
    {
        "prov_it": "VI",
        "prov_nome": "VICENZA",
        "prov_reg": "VENETO",
        "prov_url":"assets/img/regioni/veneto.png"
    },
    {
        "prov_it": "VT",
        "prov_nome": "VITERBO",
        "prov_reg": "LAZIO",
        "prov_url":"assets/img/regioni/lazio.png"
    }
]
