[
    {
        "prov_regione": "ABRUZZO"
    },
    {
        "prov_regione": "BASILICATA"
    },
    {
        "prov_regione": "CALABRIA"
    },
    {
        "prov_regione": "CAMPANIA"
    },
    {
        "prov_regione": "EMILIA ROMAGNA"
    },
    {
        "prov_regione": "FRIULI"
    },
    {
        "prov_regione": "LAZIO"
    },
    {
        "prov_regione": "LIGURIA"
    },
    {
        "prov_regione": "LOMBARDIA"
    },
    {
        "prov_regione": "MARCHE"
    },
    {
        "prov_regione": "MOLISE"
    },
    {
        "prov_regione": "PIEMONTE"
    },
    {
        "prov_regione": "PUGLIA"
    },
    {
        "prov_regione": "SARDEGNA"
    },
    {
        "prov_regione": "SICILIA"
    },
    {
        "prov_regione": "TOSCANA"
    },
    {
        "prov_regione": "TRENTINO"
    },
    {
        "prov_regione": "UMBRIA"
    },
    {
        "prov_regione": "VALLE D'AOSTA"
    },
    {
        "prov_regione": "VENETO"
    }
]